Player,Pos,Attempts,Comps,Pass Yards,Pass TDs,Ints,Receptions,Rec Yards,Rec TDs,Rush Att,Rush Yards,Rush TDs,Fumbles
Germie Bernard,WR,,,,,,2.91,34.57,0.27,,,,0.03
Jaydon Blue,RB,,,,,,1.07,7.78,0.04,6.02,24.29,0.22,0.03
Luther Burden III,WR,,,,,,4.65,55.44,0.28,0.57,3.16,0.02,0.05
Bo Melton,WR,,,,,,0.59,6.84,0.04,,,,0.01
DeAndre Hopkins,WR,,,,,,1.24,11.35,0.1,,,,0.01
Nick Chubb,RB,,,,,,1.69,13.02,0.06,10.66,48.27,0.32,0.04
Kevin Coleman Jr.,WR,,,,,,2.56,36.33,0.08,,,,0.03
Keenan Allen,WR,,,,,,4.41,43.95,0.21,,,,0.04
Zach Ertz,TE,,,,,,4.04,32.95,0.31,,,,0.02
Travis Kelce,TE,,,,,,3.88,39.24,0.24,,,,0.03
Geno Smith,QB,31.7,21.57,232,1.29,0.6,,,,3.08,12.37,0.09,0.26
Braelon Allen,RB,,,,,,2.3,17.9,0.09,14.96,63.93,0.52,0.06
Demond Claiborne,RB,,,,,,0.24,1.74,0.01,3.8,17.37,0.13,0.02
Trevor Etienne,RB,,,,,,1.44,10.22,0.07,6.68,31.17,0.21,0.03
Denzel Boston,WR,,,,,,4.22,55.85,0.36,,,,0.04
Kyle Juszczyk,RB,,,,,,1.36,9.9,0.04,0.22,0.89,0.01,0.01
Omarion Hampton,RB,,,,,,1.3,9.47,0.04,14.91,64.06,0.48,0.11
D'Andre Swift,RB,,,,,,2.46,19.91,0.07,18.46,82.99,0.68,0.12
Brady Russell,RB,,,,,,0.46,3.41,0.02,,,,0
Matthew Golden,WR,,,,,,4.23,64.37,0.33,0.21,1.2,0.01,0.04
Nicholas Singleton,RB,,,,,,,,,2.93,11.61,0.08,0.01
Ty Johnson,RB,,,,,,1.6,13.22,0.08,1.49,6.19,0.05,0.01
Tetairoa McMillan,WR,,,,,,4.83,62.36,0.53,,,,0.05
Joe Burrow,QB,35.95,26.51,270.86,2.21,0.63,,,,3.15,11.46,0.13,0.23
Tyler Conklin,TE,,,,,,0.92,10.34,0.08,,,,0.01
Bhayshul Tuten,RB,,,,,,1.85,14.6,0.09,16.95,71.1,0.51,0.07
Sam Roush,TE,,,,,,0.65,6.44,0.04,,,,0
Cade Otton,TE,,,,,,3.36,40.74,0.09,,,,0.03
Quinshon Judkins,RB,,,,,,3.06,21.47,0.11,15.62,59.73,0.46,0.04
Amon-Ra St. Brown,WR,,,,,,7.24,86.01,0.7,,,,0.04
Bryce Young,QB,31.58,20.12,205.78,1.88,0.68,,,,2.86,18.08,0.15,0.24
Adam Thielen,WR,,,,,,0.86,6.93,0.06,,,,0.01
Mo Alie-Cox,TE,,,,,,0.2,2.31,0.01,,,,0
Brandin Cooks,WR,,,,,,0.95,12.43,0.08,,,,0.01
Tony Pollard,RB,,,,,,2.27,13.83,0.03,17.06,67.26,0.42,0.06
Mike Evans,WR,,,,,,4.5,61.47,0.36,,,,0.03
Davante Adams,WR,,,,,,4.49,72.69,0.63,,,,0.03
Nate Boerkircher,TE,,,,,,1.05,11.23,0.1,,,,0.01
Xavier Hutchinson,WR,,,,,,2.66,43.19,0.17,0.25,1.36,0.01,0.02
Tanner Conner,TE,,,,,,0.46,4.67,0.04,,,,0
Marvin Mims Jr.,WR,,,,,,1.39,17,0.08,0.37,1.83,0.01,0.02
Seth McGowan,RB,,,,,,0.49,3.52,0.01,3.87,16.77,0.12,0.02
Jakobi Meyers,WR,,,,,,3.83,42.9,0.42,0.14,0.73,0.01,0.03
DK Metcalf,WR,,,,,,3.87,60.57,0.41,,,,0.04
Carson Wentz,QB,31.91,20.68,218.08,1.35,0.89,,,,3.48,12.46,0.09,0.25
A.J. Brown,WR,,,,,,4.82,67.84,0.35,,,,0.05
Gunnar Helm,TE,,,,,,2.54,23.48,0.16,,,,0.01
Tre' Harris,WR,,,,,,3.04,44.61,0.13,,,,0.03
Mike Washington Jr.,RB,,,,,,0.51,3.71,0.02,6.53,28.36,0.18,0.03
Tyler Higbee,TE,,,,,,1.46,13.44,0.1,,,,0.01
Darius Slayton,WR,,,,,,3.1,44.6,0.26,0.15,0.9,0.01,0.04
Elic Ayomanor,WR,,,,,,1.36,19.93,0.13,,,,0.01
John Bates,TE,,,,,,0.41,3.7,0.04,,,,0
Tucker Kraft,TE,,,,,,4.44,47.06,0.21,0.21,0.83,0.01,0.03
Kyler Murray,QB,32.02,21.81,231.24,1.44,0.67,,,,4.69,30.13,0.23,0.2
Alec Ingold,RB,,,,,,0.63,5.08,0.02,,,,0
Daniel Jones,QB,32.42,21.52,220.37,0.93,0.8,,,,3.15,12.52,0.18,0.29
Rashid Shaheed,WR,,,,,,2.53,41.66,0.23,1.33,8.03,0.06,0.04
Kameron Johnson,WR,,,,,,0.33,3.83,0.01,,,,0
Antonio Gibson,RB,,,,,,0.5,3.38,0.02,4.94,22.57,0.13,0.03
Trevor Lawrence,QB,31.21,20.22,241.6,1.98,0.74,,,,3.91,16.74,0.22,0.18
Dameon Pierce,RB,,,,,,1.47,10.51,0.04,9.51,34.59,0.2,0.05
Kyle Pitts Sr.,TE,,,,,,2.73,35.08,0.15,,,,0.01
Olamide Zaccheaus,WR,,,,,,1.24,14.31,0.08,,,,0.01
Jake Bobo,WR,,,,,,0.18,2.22,0.01,,,,0
Michael Penix Jr.,QB,29.02,18.67,232.44,1.27,0.53,,,,2.12,7.48,0.11,0.16
Antonio Williams,WR,,,,,,3.34,43.55,0.33,,,,0.03
Jordan Mason,RB,,,,,,1.64,10.94,0.05,18.81,79.75,0.38,0.11
Josh Reynolds,WR,,,,,,1.56,20.42,0.22,,,,0.01
Kaleb Johnson,RB,,,,,,0.81,5.21,0.02,9.71,42.61,0.2,0.09
Dylan Sampson,RB,,,,,,1.21,8.36,0.04,2.21,9.62,0.05,0.02
Tyrone Tracy Jr.,RB,,,,,,0.65,5.32,0.03,0.82,3.46,0.01,0.01
Tyler Shough,QB,35.21,22.51,240.56,1.47,0.71,,,,4.03,17.88,0.17,0.31
Cam Ward,QB,30.43,19.45,214.01,0.92,0.54,,,,3.09,12.68,0.17,0.22
Jackson Hawes,TE,,,,,,0.2,1.92,0.01,,,,0
Chig Okonkwo,TE,,,,,,2.91,28.44,0.14,,,,0.02
Josh Allen,QB,32.93,20.7,236.04,1.26,0.78,,,,7.16,29.86,0.73,0.32
Tutu Atwell,WR,,,,,,0.2,2.54,0.02,,,,0
Bo Nix,QB,34.18,21.73,234.33,1.37,0.69,,,,4.55,18.09,0.19,0.24
Spencer Rattler,QB,32.49,20.75,191.89,1.36,0.67,,,,3.73,22.15,0.05,0.26
Jayden Daniels,QB,29.43,19.5,224.93,1.63,0.6,,,,8.45,51.23,0.22,0.23
George Pickens,WR,,,,,,4.64,61.36,0.42,,,,0.05
Michael Wilson,WR,,,,,,5.71,74.49,0.61,,,,0.05
Brycen Tremayne,WR,,,,,,1.71,19.19,0.15,,,,0.02
Rashod Bateman,WR,,,,,,2.24,25.72,0.15,,,,0.02
Jonathan Mingo,WR,,,,,,0.34,4.69,0.03,,,,0
Cade Stover,TE,,,,,,0.23,2,0.01,,,,0
Drake London,WR,,,,,,5.54,79.31,0.39,0.31,1.58,0.02,0.05
Brevyn Spann-Ford,TE,,,,,,0.69,6.6,0.05,,,,0
Roschon Johnson,RB,,,,,,1.18,7.87,0.04,7.39,30.86,0.34,0.03
Zach Charbonnet,RB,,,,,,1.31,9.1,0.02,11.03,42.6,0.44,0.04
Jameson Williams,WR,,,,,,3.6,53.71,0.33,,,,0.03
Isaiah Likely,TE,,,,,,5,57.33,0.36,,,,0.04
Colson Yankoff,TE,,,,,,0.2,1.87,0.02,,,,0
Puka Nacua,WR,,,,,,7.21,97.5,0.63,0.75,4.52,0.09,0.07
Davis Allen,TE,,,,,,0.92,9.14,0.08,,,,0.01
Justin Jefferson,WR,,,,,,6.74,82.39,0.59,,,,0.05
Tanner Hudson,TE,,,,,,1.14,9.04,0.08,,,,0.01
CJ Donaldson,RB,,,,,,0.72,5.29,0.03,1.44,6.21,0.03,0.01
Josh Downs,WR,,,,,,4.9,58.5,0.22,,,,0.04
Trey McBride,TE,,,,,,7.62,68.03,0.72,,,,0.04
Elijah Higgins,TE,,,,,,1.28,12.15,0.11,,,,0.01
Chris Godwin Jr.,WR,,,,,,2.93,30.36,0.09,0.4,2.33,0.02,0.03
Mike Gesicki,TE,,,,,,2.69,25.29,0.35,,,,0.02
Justin Shorter,WR,,,,,,1.06,12.76,0.07,,,,0.01
Jaxson Dart,QB,29.18,18.94,206.34,1.19,0.73,,,,6.3,31.01,0.3,0.25
Romeo Doubs,WR,,,,,,3.96,56.76,0.43,,,,0.04
Jalen Moreno-Cropper,WR,,,,,,1.35,15.58,0.1,,,,0.01
Chris Olave,WR,,,,,,6.15,80.44,0.4,,,,0.05
Jeremy Ruckert,TE,,,,,,1.39,11.77,0.09,,,,0.01
Jahan Dotson,WR,,,,,,2.15,31.96,0.19,,,,0.02
Pat Freiermuth,TE,,,,,,3.46,32.51,0.26,0.23,0.61,0.01,0.03
Luke McCaffrey,WR,,,,,,0.39,4.28,0.04,,,,0
DeMario Douglas,WR,,,,,,2.94,39.18,0.24,,,,0.03
Dyami Brown,WR,,,,,,1.86,23.8,0.2,,,,0.02
Javonte Williams,RB,,,,,,2.79,16.09,0.08,18.88,73.41,0.9,0.09
Daniel Bellinger,TE,,,,,,1.09,10.51,0.03,,,,0.01
Isiah Pacheco,RB,,,,,,1.87,12.51,0.08,7.65,32.9,0.16,0.04
Mark Andrews,TE,,,,,,4.24,35.91,0.29,,,,0.03
Samaje Perine,RB,,,,,,1.45,11.59,0.05,4.77,20.04,0.15,0.03
Dillon Gabriel,QB,32.4,20.6,212.89,0.62,0.88,,,,3.31,14.61,0.11,0.25
Jalen Royals,WR,,,,,,0.21,2.36,0.02,,,,0
Jauan Jennings,WR,,,,,,1.01,10.24,0.07,,,,0.01
Breece Hall,RB,,,,,,3.13,30.44,0.17,18.07,80.23,0.49,0.08
Zavion Thomas,WR,,,,,,0.19,2.3,0.02,,,,0
Brock Purdy,QB,33.02,22.23,255.56,1.52,0.75,,,,4.47,20.93,0.2,0.18
James Mitchell,TE,,,,,,0.45,4.04,0.04,,,,0
Jake Browning,QB,37.23,24.79,272.46,1.22,1.23,,,,3.19,12.39,0.16,0.19
Blake Whiteheart,TE,,,,,,0.66,6.28,0.05,,,,0
Chris Bell,WR,,,,,,3.31,47.66,0.17,,,,0.03
Bam Knight,RB,,,,,,,,,0.52,2.18,0.02,0
Chase Brown,RB,,,,,,4.27,26.16,0.14,16.93,68.82,0.48,0.06
Jacory Croskey-Merritt,RB,,,,,,0.68,4.75,0.03,12.7,56.54,0.34,0.09
Ameer Abdullah,RB,,,,,,0.48,3.07,0.03,0.56,2.37,0.01,0.01
Harold Fannin Jr.,TE,,,,,,4.75,47.98,0.41,,,,0.03
Raheem Mostert,RB,,,,,,1.02,7.21,0.04,2.98,13.31,0.08,0.02
Erick All Jr.,TE,,,,,,0.53,4.62,0.04,,,,0
Jaleel McLaughlin,RB,,,,,,0.26,1.53,0.01,0.92,4.2,0.02,0
Dalton Schultz,TE,,,,,,3.86,35.41,0.12,,,,0.02
LaJohntay Wester,WR,,,,,,0.34,3.63,0.02,,,,0
Christian McCaffrey,RB,,,,,,4.57,35.67,0.19,14.75,61.27,0.57,0.06
Drew Ogletree,TE,,,,,,0.2,2.15,0.01,,,,0
Chris Moore,WR,,,,,,1.3,17.45,0.09,,,,0.01
Derius Davis,WR,,,,,,1.06,13.12,0.07,,,,0.01
Emari Demercado,RB,,,,,,2.67,18.66,0.11,9.06,42.45,0.3,0.04
Brevin Jordan,TE,,,,,,0.23,2.19,0.01,,,,0
Mitchell Tinsley,WR,,,,,,1.08,13.82,0.05,0.19,1.14,0.01,0.01
Marquez Valdes-Scantling,WR,,,,,,1.5,28.41,0.17,,,,0.02
Kenyon Sadiq,TE,,,,,,3.77,41.97,0.24,0.13,0.36,0.01,0.03
Chris Rodriguez Jr.,RB,,,,,,0.23,1.77,0.01,7.5,31.77,0.26,0.03
Ja'Marr Chase,WR,,,,,,8.01,90.67,0.79,0.12,0.62,0,0.07
Laquon Treadwell,WR,,,,,,2.18,25.77,0.08,,,,0.02
Austin Ekeler,RB,,,,,,0.9,7.88,0.04,3.18,13.73,0.08,0.03
Jameis Winston,QB,31.21,18.63,228.05,1.33,1.09,,,,2.12,7.3,0.08,0.18
Evan Engram,TE,,,,,,2.43,22.17,0.07,,,,0.02
Zachariah Branch,WR,,,,,,1.03,14.38,0.09,,,,0.01
Tyler Badie,RB,,,,,,0.98,7.94,0.04,1.24,5.34,0.03,0.01
KC Concepcion,WR,,,,,,4.38,47.21,0.15,0.69,3.66,0.03,0.05
Colston Loveland,TE,,,,,,3.63,40.39,0.33,,,,0.02
Jacob Cowing,WR,,,,,,0.75,10.3,0.05,0.25,1.29,0.01,0.01
Charlie Woerner,TE,,,,,,0.38,3.61,0.02,,,,0
Ryan Flournoy,WR,,,,,,3.15,37.42,0.26,,,,0.03
Johnny Mundt,TE,,,,,,0.65,6.1,0.03,,,,0
Albert Okwuegbunam Jr.,TE,,,,,,1.36,14.36,0.09,,,,0.01
Darren Waller,TE,,,,,,2.98,33.21,0.27,,,,0.01
Justin Fields,QB,25.88,16.83,197.87,1.31,0.59,,,,9.44,59.51,0.7,0.36
James Cook III,RB,,,,,,2.06,15.02,0.08,17.41,79.92,0.64,0.12
Jeremiyah Love,RB,,,,,,2.64,19.13,0.12,14.51,63.28,0.47,0.06
Makai Lemon,WR,,,,,,3.76,49.07,0.22,0.24,1.17,0.01,0.04
Tyquan Thornton,WR,,,,,,1.45,21.13,0.15,,,,0.01
Carnell Tate,WR,,,,,,4.83,71.02,0.27,,,,0.05
Jamari Thrash,WR,,,,,,1.62,19.39,0.03,,,,0.02
Tyjae Spears,RB,,,,,,1.85,14.52,0.06,5.06,20.23,0.14,0.03
Tez Johnson,WR,,,,,,1.25,16.89,0.1,0.53,2.84,0.02,0.02
Tyler Lockett,WR,,,,,,2.53,25.27,0.07,,,,0.02
Christian Watson,WR,,,,,,4.61,66.14,0.44,,,,0.04
Ben Sinnott,TE,,,,,,0.21,1.87,0.02,,,,0
Tim Patrick,WR,,,,,,0.43,4.24,0.03,,,,0
Emanuel Wilson,RB,,,,,,1.8,15.14,0.08,17.01,68.71,0.51,0.09
Dak Prescott,QB,33.31,23.29,244.92,1.75,0.55,,,,3.21,13.25,0.14,0.16
Tre Tucker,WR,,,,,,3.33,45.09,0.22,,,,0.02
David Montgomery,RB,,,,,,1.86,12.97,0.04,13.93,56.16,0.48,0.05
Ben Skowronek,WR,,,,,,1.08,10.46,0.09,,,,0.01
Baker Mayfield,QB,32.49,20.88,217.89,1.63,0.69,,,,3.72,18.17,0.06,0.28
AJ Barner,TE,,,,,,3.02,31.73,0.28,0.27,0.84,0.02,0.03
Michael Pittman Jr.,WR,,,,,,5.71,58.71,0.28,,,,0.06
Dontayvion Wicks,WR,,,,,,3.89,50.03,0.21,,,,0.04
Tyler Huntley,QB,29.23,19.3,201.32,1.01,0.56,,,,5.94,26.49,0.15,0.3
Kayshon Boutte,WR,,,,,,1.81,22.93,0.13,,,,0.01
Quentin Johnston,WR,,,,,,4.96,82.41,0.68,0.23,1.28,0.01,0.04
MarShawn Lloyd,RB,,,,,,2.19,14.1,0.09,9.08,40.06,0.2,0.05
Woody Marks,RB,,,,,,1.66,12.85,0.07,8.46,31.81,0.19,0.04
Theo Johnson,TE,,,,,,0.88,11.15,0.08,,,,0
De'Von Achane,RB,,,,,,4.6,37.86,0.25,14.72,74.55,0.4,0.09
Michael Mayer,TE,,,,,,3.76,33.96,0.17,,,,0.02
Blake Corum,RB,,,,,,0.98,7.03,0.03,9.46,42.7,0.37,0.03
Arian Smith,WR,,,,,,0.64,8.02,0.05,0.31,1.81,0.01,0.01
Jordan Addison,WR,,,,,,3.95,53.67,0.32,0.13,0.82,0.01,0.03
Noah Fant,TE,,,,,,1.85,18.2,0.12,,,,0.01
T.J. Hockenson,TE,,,,,,5,40.95,0.22,,,,0.03
Malik Benson,WR,,,,,,0.81,10.42,0.05,,,,0.01
Gavin Bartholomew,TE,,,,,,0.45,3.99,0.03,,,,0
Ray Davis,RB,,,,,,0.23,1.57,0.01,0.99,4.05,0.03,0.01
Tyler Goodson,RB,,,,,,0.48,3.37,0.03,4.79,19.71,0.16,0.02
Jordan Love,QB,37.62,22.3,258.67,1.44,0.77,,,,2.17,8.65,0.06,0.31
Josh Oliver,TE,,,,,,0.64,6.21,0.06,,,,0.01
Hunter Renfrow,WR,,,,,,2.52,25.18,0.21,,,,0.03
Zay Flowers,WR,,,,,,5.58,68.52,0.2,0.54,3.03,0.02,0.06
Jalen Tolbert,WR,,,,,,0.93,11.86,0.05,,,,0.01
Jahmyr Gibbs,RB,,,,,,4.85,41.39,0.25,20.5,97.05,1.15,0.1
George Holani,RB,,,,,,1.84,13.96,0.07,6.65,26.64,0.21,0.04
Jacoby Brissett,QB,34.26,23.35,239.56,2.1,0.65,,,,3.14,13.51,0.17,0.19
Sam LaPorta,TE,,,,,,4.74,51.74,0.53,,,,0.02
Xavier Legette,WR,,,,,,2.65,30.13,0.29,0.53,3.33,0.02,0.03
Pierre Strong Jr.,RB,,,,,,0.53,3.66,0.02,0.63,2.87,0.01,0
Skyy Moore,WR,,,,,,2.25,26.33,0.14,,,,0.03
Jalin Hyatt,WR,,,,,,1.88,27.56,0.14,,,,0.02
Greg Dortch,WR,,,,,,,,,0.5,2.51,0.03,0
Jonnu Smith,TE,,,,,,1.3,11.42,0.07,,,,0.01
Brenton Strange,TE,,,,,,3.73,41.29,0.31,,,,0.03
KaVontae Turpin,WR,,,,,,0.42,5.34,0.04,0.53,3.14,0.02,0.01
Jared Wayne,WR,,,,,,0.55,7.25,0.04,,,,0.01
Cooper Rush,QB,36.05,22.03,220.21,1.36,0.71,,,,2.93,4.64,0.06,0.33
Myles Price,WR,,,,,,0.2,2.1,0.01,0.13,0.73,0.01,0
Darnell Washington,TE,,,,,,2.12,20.67,0.2,,,,0.02
Bijan Robinson,RB,,,,,,3.32,32.63,0.18,20.1,95.25,0.86,0.13
Kyren Williams,RB,,,,,,3.47,22.35,0.2,13.69,63.77,0.76,0.08
Julian Hill,TE,,,,,,1.13,11.8,0.09,,,,0.01
Kimani Vidal,RB,,,,,,1.38,13.04,0.07,3.25,13.65,0.08,0.02
Sean Tucker,RB,,,,,,,,,2.4,10.51,0.11,0.01
Jaxon Smith-Njigba,WR,,,,,,7.44,93.04,0.64,,,,0.07
Alvin Kamara,RB,,,,,,3.01,20.46,0.07,10.57,43.48,0.23,0.05
JuJu Smith-Schuster,WR,,,,,,3.61,37.47,0.19,,,,0.04
Beaux Collins,WR,,,,,,1.21,14.72,0.1,,,,0.01
Mark Redman,TE,,,,,,0.5,4.08,0.03,,,,0
Chimere Dike,WR,,,,,,0.56,6.22,0.03,,,,0.01
Troy Franklin,WR,,,,,,1.91,27.89,0.2,0.25,1.31,0.01,0.02
Rome Odunze,WR,,,,,,3.52,52.98,0.36,,,,0.04
Drake Maye,QB,30.32,19.89,240.99,1.63,0.91,,,,5.97,36.09,0.17,0.36
Tyler Warren,TE,,,,,,5.24,46.6,0.26,0.52,1.87,0.04,0.04
Jordan Watkins,WR,,,,,,0.99,13.23,0.07,,,,0.01
Roman Wilson,WR,,,,,,3.58,48.06,0.31,,,,0.04
Jalen Nailor,WR,,,,,,1.61,19.52,0.14,,,,0.02
Oronde Gadsden,TE,,,,,,2.41,26.98,0.19,,,,0.02
Malik Nabers,WR,,,,,,4.77,63.5,0.41,,,,0.04
Will Shipley,RB,,,,,,2.41,17.24,0.06,11.17,43.09,0.25,0.06
Kalif Raymond,WR,,,,,,3.64,34.44,0.14,,,,0.04
Justice Hill,RB,,,,,,1.26,10.19,0.05,2.42,9.6,0.06,0.02
Dallas Goedert,TE,,,,,,4.75,47.12,0.24,,,,0.03
Chris Manhertz,TE,,,,,,0.19,1.95,0.02,,,,0
Isaiah Bond,WR,,,,,,0.55,6.93,0.05,,,,0.01
Mason Taylor,TE,,,,,,1.88,17.84,0.1,,,,0.01
Rico Dowdle,RB,,,,,,1.5,10.47,0.06,8.8,39.37,0.18,0.04
Aaron Rodgers,QB,36.05,21.7,243.23,1.75,0.77,,,,1.69,6.91,0.04,0.23
Ashton Jeanty,RB,,,,,,4.33,34.65,0.18,16.07,62.78,0.45,0.06
Michael Burton,RB,,,,,,0.25,1.66,0.01,,,,0
Curtis Samuel,WR,,,,,,0.81,8.28,0.07,,,,0.01
Terry McLaurin,WR,,,,,,4.21,59.73,0.44,,,,0.03
Elijah Arroyo,TE,,,,,,0.2,2.1,0.02,,,,0
Justin Herbert,QB,29.86,18.32,218.4,1.1,0.87,,,,4.5,22.69,0.12,0.27
Matthew Hibner,TE,,,,,,1.41,13.15,0.09,,,,0.01
DJ Giddens,RB,,,,,,0.23,1.52,0.01,0.57,2.36,0.03,0
Lil'Jordan Humphrey,WR,,,,,,0.39,4.64,0.03,,,,0
Konata Mumpfield,WR,,,,,,0.56,7.9,0.06,,,,0.01
Keaton Mitchell,RB,,,,,,1.73,12.97,0.08,7.05,33.96,0.15,0.03
Nate Adkins,TE,,,,,,0.69,6.13,0.06,,,,0
Ladd McConkey,WR,,,,,,3.91,50.65,0.26,,,,0.04
Bucky Irving,RB,,,,,,2.53,19.92,0.1,17.03,77.5,0.42,0.09
Parker Washington,WR,,,,,,4.45,62.5,0.53,0.14,0.66,0,0.05
Jalon Daniels,QB,29.43,18.39,208.94,0.93,1.21,,,,5.29,26.05,0.18,0.24
Hunter Luepke,RB,,,,,,0.25,1.79,0.01,0.8,3.21,0.03,0
C.J. Stroud,QB,33.27,21.79,245.93,1.28,0.45,,,,2.8,12.91,0.06,0.23
Jalen Milroe,QB,,,,,,,,,0.29,1.08,0.01,0
Greg Dulcich,TE,,,,,,2.47,26.42,0.11,,,,0.02
Brashard Smith,RB,,,,,,1.25,9.23,0.05,2.76,11.45,0.06,0.02
Brian Thomas Jr.,WR,,,,,,2.38,35.42,0.28,,,,0.02
Dont'e Thornton Jr.,WR,,,,,,2.65,36.03,0.17,,,,0.03
Brock Bowers,TE,,,,,,6.49,68.22,0.5,,,,0.03
TreVeyon Henderson,RB,,,,,,1.36,9.69,0.05,12.21,58.29,0.36,0.05
Marvin Harrison Jr.,WR,,,,,,2.01,28.93,0.3,,,,0.02
George Kittle,TE,,,,,,5.01,63.72,0.39,,,,0.03
Trent Sherfield,WR,,,,,,0.1,1.09,0.01,,,,0
Kyle Williams,WR,,,,,,1.99,32.98,0.19,,,,0.02
Ollie Gordon II,RB,,,,,,1.68,12.44,0.04,12.76,54.5,0.39,0.04
Efton Chism III,WR,,,,,,2.38,31.66,0.21,,,,0.02
Isaiah Davis,RB,,,,,,0.94,7.88,0.04,8.62,39.74,0.31,0.03
Calvin Ridley,WR,,,,,,0.93,14.08,0.07,,,,0.01
Mack Hollins,WR,,,,,,1.44,16.23,0.13,,,,0.01
Andrei Iosivas,WR,,,,,,1.66,20.65,0.1,,,,0.01
Patrick Ricard,RB,,,,,,0.42,3.26,0.02,,,,0
Deshaun Watson,QB,32.57,21.87,225.57,1.34,0.63,,,,6.83,32.7,0.15,0.31
Adonai Mitchell,WR,,,,,,1.42,21.34,0.13,,,,0.02
Josh Cuevas,TE,,,,,,0.39,3.63,0.02,,,,0
David Njoku,TE,,,,,,3.54,36.82,0.15,,,,0.02
Foster Moreau,TE,,,,,,1.21,10.69,0.1,,,,0.01
Luke Farrell,TE,,,,,,0.89,8.36,0.06,,,,0.01
Patrick Mahomes,QB,35.36,22.47,247.18,1.44,0.68,,,,4.95,26.58,0.17,0.24
Kaelon Black,RB,,,,,,0.96,6.98,0.04,5.9,23.95,0.16,0.03
Darnell Mooney,WR,,,,,,1.71,27.28,0.13,0.27,1.47,0.01,0.02
Tory Horton,WR,,,,,,0.94,12.24,0.09,,,,0.01
Harrison Bryant,TE,,,,,,0.46,4.21,0.04,,,,0
Dohnte Meyers,WR,,,,,,2.66,31.41,0.25,0.12,0.64,0.01,0.03
Devin Singletary,RB,,,,,,1.28,9.15,0.03,6.2,25.98,0.17,0.04
Jalen Hurts,QB,32.31,21.16,232.25,1.07,0.75,,,,5.75,23.19,0.35,0.23
Eric Saubert,TE,,,,,,0.63,5.83,0.05,,,,0
Tyson Bagent,QB,31.7,21.06,230.07,1.34,0.71,,,,3.92,14.86,0.2,0.26
Tai Felton,WR,,,,,,0.57,6.57,0.04,,,,0.01
Ted Hurst III,WR,,,,,,2.19,28.57,0.14,,,,0.02
Stefon Diggs,WR,,,,,,5.41,57.97,0.29,,,,0.05
Tip Reiman,TE,,,,,,0.89,8.41,0.08,,,,0.01
Dareke Young,WR,,,,,,1.05,12.85,0.07,,,,0.01
Taysom Hill,TE,0.32,0.19,2.33,0.02,0.01,1.59,12.57,0.11,0.87,3.52,0.03,0.02
Devontez Walker,WR,,,,,,0.83,10.15,0.05,,,,0.01
Sterling Shepard,WR,,,,,,1.97,22.81,0.19,,,,0.02
Carter Runyon,TE,,,,,,0.46,4.74,0.03,,,,0
Dalton Kincaid,TE,,,,,,4.1,48.1,0.18,,,,0.03
Cam Skattebo,RB,,,,,,1.78,14.11,0.05,16.93,67.5,0.53,0.16
Ryan Miller,WR,,,,,,0.83,11,0.03,,,,0.01
Aaron Jones Sr.,RB,,,,,,2.93,24.63,0.13,17.48,81.04,0.53,0.11
Jayden Higgins,WR,,,,,,1.25,15.15,0.1,,,,0.01
Chris Blair,WR,,,,,,0.17,2.18,0.01,,,,0
Cooper Kupp,WR,,,,,,2.19,26.63,0.19,,,,0.02
Isaac TeSlaa,WR,,,,,,2.28,34.35,0.31,,,,0.02
Rachaad White,RB,,,,,,2.13,13.26,0.1,6.62,29.1,0.16,0.04
Derrick Henry,RB,,,,,,1.71,12.98,0.06,21.23,85.92,0.82,0.07
Demarcus Robinson,WR,,,,,,3.35,41.51,0.22,,,,0.04
Kenneth Walker III,RB,,,,,,2.44,18.49,0.07,15.96,62.71,0.61,0.05
Zay Jones,WR,,,,,,1.04,9.63,0.1,,,,0.01
Austin Hooper,TE,,,,,,1.24,12.08,0.1,,,,0.01
Kendre Miller,RB,,,,,,1.47,10.6,0.05,9.37,39.71,0.18,0.05
Treylon Burks,WR,,,,,,2.24,31.79,0.24,,,,0.02
John Metchie III,WR,,,,,,0.5,5.25,0.03,,,,0.01
Adam Trautman,TE,,,,,,0.87,8.58,0.07,,,,0
Matthew Stafford,QB,36.47,22.79,268.85,2.18,0.84,,,,1.73,2.85,0.05,0.18
Dee Eskridge,WR,,,,,,1.21,15.92,0.08,,,,0.01
Kareem Hunt,RB,,,,,,0.76,4.76,0.03,8.28,31.07,0.25,0.02
Tahj Washington,WR,,,,,,0.64,7.78,0.05,,,,0
Barion Brown,WR,,,,,,,,,0.24,1.29,0.01,0
Christian Kirk,WR,,,,,,3.65,47.11,0.29,,,,0.04
Tee Higgins,WR,,,,,,4.51,59.46,0.4,,,,0.04
Travis Etienne Jr.,RB,,,,,,2.33,16.31,0.08,14.75,73.78,0.36,0.05
AJ Dillon,RB,,,,,,,,,1.27,5.06,0.04,0
Hunter Long,TE,,,,,,0.94,7.9,0.07,,,,0.01
LeQuint Allen Jr.,RB,,,,,,0.45,3.31,0.02,0.28,1.14,0.01,0
Emeka Egbuka,WR,,,,,,3.2,48.55,0.27,0.13,0.72,0.01,0.03
Josh Cameron,WR,,,,,,1.77,25.52,0.19,,,,0.02
Darius Cooper,WR,,,,,,3.45,43.68,0.25,,,,0.04
Malik McClain,WR,,,,,,0.56,7.63,0.04,,,,0.01
Sam Darnold,QB,31.83,21.05,245.73,1.66,0.81,,,,2.58,6.53,0.05,0.21
Jaylen Wright,RB,,,,,,1.23,9.71,0.04,9.44,40.29,0.21,0.06
Malachi Fields,WR,,,,,,2.62,38.19,0.22,,,,0.03
Bryce Lance,WR,,,,,,1.38,17.96,0.11,,,,0.01
Noah Gray,TE,,,,,,1.67,15.7,0.08,,,,0.01
Raheim Sanders,RB,,,,,,2.02,14.55,0.06,2.07,8.72,0.06,0.02
DeeJay Dallas,RB,,,,,,0.72,4.95,0.02,1.52,6.98,0.05,0.02
Pat Bryant,WR,,,,,,0.33,3.3,0.02,,,,0
Sione Vaki,RB,,,,,,0.79,6.39,0.03,4.1,17.46,0.16,0.02
Colbie Young,WR,,,,,,0.42,5.58,0.05,,,,0
Deebo Samuel Sr.,WR,,,,,,3.62,43.4,0.29,1.72,9.71,0.08,0.06
Michael Carter,RB,,,,,,1.76,11.02,0.06,11.9,51.29,0.4,0.05
Kenny Gainwell,RB,,,,,,2.41,18.23,0.11,3.99,17.47,0.11,0.03
Xavier Worthy,WR,,,,,,4.83,68.19,0.42,1.06,6.5,0.05,0.04
Mitchell Evans,TE,,,,,,1.31,12.51,0.13,,,,0.01
Skyler Bell,WR,,,,,,0.7,9.16,0.04,,,,0.01
Deion Burks,WR,,,,,,1.14,14.11,0.04,0.26,1.45,0.01,0.01
Charlie Jones,WR,,,,,,0.36,4.53,0.03,,,,0
RJ Harvey,RB,,,,,,4.09,29.83,0.18,5.48,22.1,0.16,0.04
Zavier Scott,RB,,,,,,1.63,11.24,0.06,4.26,16.22,0.08,0.03
Juwan Johnson,TE,,,,,,3.89,41.52,0.34,,,,0.03
Hassan Haskins,RB,,,,,,0.13,1.03,0.01,2.35,9.17,0.09,0.01
Saquon Barkley,RB,,,,,,3.2,22.68,0.13,19.17,82.33,0.59,0.06
Luke Schoonmaker,TE,,,,,,0.23,2.11,0.02,,,,0
Jaylen Waddle,WR,,,,,,4.43,55.73,0.22,0.12,0.72,0,0.04
Jerome Ford,RB,,,,,,1.67,10.62,0.03,1.72,7.7,0.03,0.01
Nick Westbrook-Ikhine,WR,,,,,,2.25,33.51,0.28,,,,0.02
Adam Prentice,RB,,,,,,0.24,1.78,0.01,,,,0
Charlie Kolar,TE,,,,,,1.37,14.07,0.08,,,,0.01
Will Kacmarek,TE,,,,,,0.76,8.09,0.03,,,,0.01
Hollywood Brown,WR,,,,,,2.94,36.59,0.19,,,,0.03
Grant Calcaterra,TE,,,,,,0.38,3.59,0.02,,,,0
CeeDee Lamb,WR,,,,,,7.36,82.28,0.56,0.27,1.4,0.02,0.05
Dawson Knox,TE,,,,,,1.26,11.86,0.12,,,,0.01
Elijah Moore,WR,,,,,,0.77,8.5,0.02,,,,0.01
Van Jefferson,WR,,,,,,0.73,8.72,0.02,,,,0.01
Rhamondre Stevenson,RB,,,,,,2.76,22.95,0.13,11.43,51.64,0.39,0.09
Drew Sample,TE,,,,,,0.83,7.02,0.06,,,,0.01
Tylan Wallace,WR,,,,,,1.18,12.88,0.07,,,,0.01
Payne Durham,TE,,,,,,0.19,1.86,0.01,,,,0
Najee Harris,RB,,,,,,0.44,3.39,0.01,7.92,31.5,0.22,0.03
Jerry Jeudy,WR,,,,,,1.73,22.1,0.12,,,,0.01
Mac Jones,QB,36.55,24.2,243.78,1.1,0.94,,,,2.69,6.94,0.05,0.28
Brian Robinson Jr.,RB,,,,,,0.88,6.9,0.05,9.59,39.89,0.38,0.05
Tyrell Shavers,WR,,,,,,0.18,2.31,0.01,,,,0
DeVonta Smith,WR,,,,,,4.55,46.32,0.25,,,,0.04
Tua Tagovailoa,QB,34.24,22.82,259.77,1.6,0.82,,,,2.01,6.17,0.03,0.31
Kendrick Bourne,WR,,,,,,2.17,22.5,0.17,,,,0.02
J. Michael Sturdivant,WR,,,,,,0.84,9.48,0.05,,,,0.01
Nico Collins,WR,,,,,,5.9,74.22,0.5,0.25,1.34,0.01,0.05
Keon Coleman,WR,,,,,,3.62,49.77,0.34,,,,0.03
Jeremy McNichols,RB,,,,,,1.72,10.74,0.04,2.51,10.75,0.11,0.02
Isaiah Williams,WR,,,,,,2.91,36.21,0.14,0.13,0.76,0.01,0.03
Jordan Whittington,WR,,,,,,0.68,7.5,0.05,,,,0.01
Tommy Tremble,TE,,,,,,2.59,23.97,0.33,,,,0.02
Devaughn Vele,WR,,,,,,4.03,46.1,0.36,,,,0.03
Wan'Dale Robinson,WR,,,,,,4.01,40.42,0.13,0.27,1.45,0.01,0.03
Malik Washington,WR,,,,,,3.83,51.45,0.14,1.53,8.37,0.07,0.06
Ian Thomas,TE,,,,,,0.48,4.5,0.03,,,,0
Kirk Cousins,QB,35.1,23.25,243.28,1.44,0.88,,,,2.28,3.36,0.06,0.24
C.J. Ham,RB,,,,,,0.24,1.57,0.01,0.13,0.46,0,0
Garrett Wilson,WR,,,,,,5.83,68,0.37,,,,0.06
Connor Heyward,RB,,,,,,0.25,1.79,0.01,0.75,3.16,0.02,0
Cody White,WR,,,,,,2.23,28.11,0.19,,,,0.02
J.K. Dobbins,RB,,,,,,0.99,6.27,0.03,14.68,64.28,0.4,0.03
Eli Raridon,TE,,,,,,1.51,15.23,0.14,,,,0.01
Ashton Dulin,WR,,,,,,2.04,24.75,0.14,0.29,1.81,0.02,0.02
Jaylen Warren,RB,,,,,,3.17,25.91,0.15,13.2,62.65,0.26,0.08
Cole Kmet,TE,,,,,,1.14,10.3,0.07,,,,0.01
Jaylin Lane,WR,,,,,,2.83,32.5,0.18,,,,0.03
Jaylin Noel,WR,,,,,,1.81,22.23,0.09,0.99,5.29,0.03,0.03
Brock Wright,TE,,,,,,0.76,7.08,0.07,,,,0
Joshua Palmer,WR,,,,,,2.35,33.33,0.16,,,,0.02
Jonathan Taylor,RB,,,,,,2.77,23.47,0.07,19.58,88.69,0.78,0.1
Jake Ferguson,TE,,,,,,2.95,23.87,0.26,,,,0.03
Terrance Ferguson,TE,,,,,,0.69,6.61,0.05,,,,0
Malik Willis,QB,28.78,17.62,214.96,0.69,0.63,,,,5.22,28.23,0.18,0.33
Allen Lazard,WR,,,,,,0.56,8.16,0.07,,,,0
Tyler Allgeier,RB,,,,,,1.92,14.34,0.07,8.75,36.32,0.34,0.02
Hunter Henry,TE,,,,,,2.99,32.54,0.25,,,,0.02
Colby Parkinson,TE,,,,,,2.8,28.76,0.36,,,,0.02
Tucker Fisk,TE,,,,,,0.47,5.17,0.04,,,,0
Courtland Sutton,WR,,,,,,3.32,46.37,0.39,,,,0.03
Khalil Shakir,WR,,,,,,4.59,52.08,0.23,,,,0.04
Scott Matlock,RB,,,,,,0.13,1.02,0,,,,0
Jake Tonges,TE,,,,,,3.25,31.33,0.15,,,,0.02
Jared Goff,QB,35.6,24.27,280.68,2.23,0.52,,,,1.83,2.76,0.06,0.25
Jack Bech,WR,,,,,,1.27,15.42,0.08,,,,0.01
