Player,Pos,Team,Attempts,Comps,Pass Yards,Pass TDs,Ints,Receptions,Rec Yards,Rec TDs,Rush Yards,Rush TDs,Fumbles,Projections,Ceiling,Floor,Actuals,Rank
Jahmyr Gibbs,RB,DET,,,,,,4.88,35.5,,97.5,1.14,0.11,24.94,46.92,11.72,0,1
Josh Allen,QB,BUF,30.29,19.11,238.5,1.94,0.46,,,,33.5,0.71,0.2,24.37,37.72,16.61,0,2
Bijan Robinson,RB,ATL,,,,,,4.27,35.22,,86.15,,0.09,22.13,24.26,19.99,0,3
Lamar Jackson,QB,BAL,25.11,16.57,238.73,1.18,0.33,,,,59.62,0.37,0.17,21.97,24.16,20.88,0,4
Kenneth Walker,RB,KC,,,,,,4.06,32.31,,87.5,0.89,0.09,21.3,36.93,11.92,0,5
Trevor Lawrence,QB,JAX,34.32,21.19,263.5,1.92,0.99,,,,21.99,0.32,0.2,21.22,27.77,16.51,0,6
Jonathan Taylor,RB,IND,,,,,,2.87,19.5,,92.5,1.08,0.1,20.51,40.25,9.25,0,7
Joe Burrow,QB,CIN,35.7,24.72,265.5,2.16,0.9,,,,11.96,0.13,0.22,20.13,25.49,15.98,0,8
Patrick Mahomes,QB,KC,33.34,22.75,241.5,1.78,0.4,,,,22.54,0.26,0.21,19.99,25.49,15.67,0,9
Jaxon Smith-Njigba,WR,SEA,,,,,,6.5,98.27,0.55,1.93,,0.03,19.84,26.4,14.94,0,10
Jared Goff,QB,DET,33.01,22.14,264.5,2.15,0.79,,,,5.5,0.13,0.2,19.57,24.96,15.41,0,11
Brock Purdy,QB,SF,31.48,20.65,235.55,1.78,0.7,,,,21.8,,0.19,19.42,19.42,19.42,0,12
Drake Maye,QB,NE,31.63,20.82,228.5,1.52,0.71,,,,35.92,0.24,0.18,19.37,25.25,15.24,0,13
Amon-Ra St. Brown,WR,DET,,,,,,6.91,77.5,0.74,1.69,,0.03,19.26,35.39,9.24,0,14
Kyler Murray,QB,MIN,28.24,19.27,204.33,1.39,0.54,,,,38.68,,0.18,18.96,18.96,18.96,0,15
Ja'Marr Chase,WR,CIN,,,,,,6.79,78.5,0.7,1.06,,0.03,18.96,33.71,9.35,0,16
Chris Olave,WR,NO,,,,,,5.76,87.39,,0.2,,0.03,18.86,21.74,15.98,0,17
Tyler Shough,QB,NO,35.16,23.6,254.17,1.7,1.12,,,,19.43,,0.21,18.59,18.59,18.59,0,18
Bryce Young,QB,CAR,33.29,20.04,250.5,1.71,0.54,,,,12.5,0.19,0.19,18.53,27.17,13.14,0,19
C.J. Stroud,QB,HOU,32.25,20.37,257.98,1.56,0.37,,,,14.28,,0.19,18.32,18.32,18.32,0,20
Dak Prescott,QB,DAL,35.97,23.08,280.63,1.61,0.89,,,,11.95,,0.21,18.29,18.29,18.29,0,21
Christian McCaffrey,RB,SF,,,,,,4.19,25.93,,69.94,0.71,0.08,18.01,24.38,13.78,0,22
Bo Nix,QB,DEN,34.62,21.96,225.4,1.57,0.36,,,,17.73,,0.2,17.95,17.95,17.95,0,23
Marcus Mariota,QB,WAS,29.49,18.54,213.5,1.46,0.6,,,,28.5,0.26,0.2,17.95,27.52,12.09,0,24
CeeDee Lamb,WR,DAL,,,,,,5.99,87.51,0.45,1.94,,0.03,17.63,23.32,13.29,0,25
Chase Brown,RB,CIN,,,,,,3.84,20.31,,65.5,0.87,0.08,17.55,31.11,9.36,0,26
Nico Collins,WR,HOU,,,,,,5.54,88.7,0.47,1.23,,0.02,17.38,22.96,13.21,0,27
Jordan Love,QB,GB,32.93,21.12,249.87,1.63,0.72,,,,13.28,,0.18,17.38,17.38,17.38,0,28
Daniel Jones,QB,IND,29.7,19.46,224.5,1.67,0.45,,,,11.5,0.2,0.18,17.3,25.16,12.22,0,29
Puka Nacua,WR,LAR,,,,,,5.61,81.78,,2.74,,0.03,17.3,20.11,14.5,0,30
Jalen Hurts,QB,PHI,28.68,17.95,197.08,1.13,0.71,,,,31.15,0.43,0.15,17.27,19.83,15.99,0,31
James Cook,RB,BUF,,,,,,2.34,13.5,,85.5,0.83,0.08,17.19,34.44,7.8,0,32
Davante Adams,WR,LAR,,,,,,4.7,81.99,0.68,,,0.02,17.02,23.47,12.62,0,33
Matthew Stafford,QB,LAR,31.82,19.94,246.48,1.74,0.6,,,,3.21,0.08,0.18,16.87,17.35,16.64,0,34
Derrick Henry,RB,BAL,,,,,,1.26,12.24,,101.84,0.7,0.09,16.83,21.65,14.11,0,35
Garrett Wilson,WR,NYJ,,,,,,5.85,77.13,,1.09,,0.02,16.81,19.74,13.89,0,36
Sam Darnold,QB,SEA,31.66,20.48,244.33,1.62,1.24,,,,10.38,,0.19,16.75,16.75,16.75,0,37
Zay Flowers,WR,BAL,,,,,,4.99,92.05,0.39,1.5,,0.02,16.71,21.53,13.05,0,38
D'Andre Swift,RB,CHI,,,,,,2.12,16.34,,75.52,,0.07,16.59,17.65,15.53,0,39
Jaylen Warren,RB,PIT,,,,,,3.35,22.5,,65.5,0.73,0.06,16.44,33.69,6.66,0,40
Justin Jefferson,WR,MIN,,,,,,5.68,75.45,,,,0.02,16.43,19.27,13.59,0,41
Trey McBride,TE,ARI,,,,,,7.27,63.23,0.46,0.6,,0.03,16.39,22.77,11.39,0,42
Drake London,WR,ATL,,,,,,5.25,81.3,,0.2,,0.02,16.22,18.84,13.6,0,43
Chuba Hubbard,RB,CAR,,,,,,2.86,18.5,,68.5,0.79,0.07,16.21,32.65,6.79,0,44
Ashton Jeanty,RB,LV,,,,,,3.55,20.05,,59.5,0.78,0.08,16.1,28.6,8.45,0,45
Tetairoa McMillan,WR,CAR,,,,,,5.32,70.5,0.6,0.37,,0.02,16.0,31.2,7.01,0,46
Parker Washington,WR,JAX,,,,,,5.47,71.5,0.53,1.6,,0.02,15.97,28.72,7.58,0,47
Kirk Cousins,QB,LV,31.02,20.3,227.5,1.52,0.5,,,,4.76,0.1,0.18,15.63,20.33,11.92,0,48
Jacoby Brissett,QB,ARI,32.75,21.26,201.92,1.47,0.39,,,,14.08,,0.19,15.57,15.57,15.57,0,49
Jameis Winston,QB,NYG,29.01,17.05,200.27,1.56,0.73,,,,15.35,,0.18,15.54,15.54,15.54,0,50
Christian Watson,WR,GB,,,,,,4.2,71.07,,0.51,,0.02,15.3,17.4,13.2,0,51
Cam Skattebo,RB,NYG,,,,,,2.03,18.61,,80.59,0.57,0.08,15.28,19.7,12.56,0,52
Saquon Barkley,RB,PHI,,,,,,1.91,12.65,,83.14,0.63,0.07,15.23,19.98,12.37,0,53
George Pickens,WR,DAL,,,,,,5.09,76.87,0.37,0.2,,0.02,15.02,19.78,11.36,0,54
Deshaun Watson,QB,CLE,29.47,20.34,188.5,1.09,1.0,,,,29.5,0.22,0.16,15.01,24.84,9.19,0,55
Geno Smith,QB,NYJ,31.74,21.83,243.63,1.1,1.24,,,,16.08,,0.17,14.99,14.99,14.99,0,56
Michael Penix,QB,ATL,29.41,17.19,205.52,1.32,0.46,,,,9.5,,0.17,14.75,14.75,14.75,0,57
Brock Bowers,TE,LV,,,,,,6.27,56.63,0.43,0.87,,0.02,14.61,20.31,10.19,0,58
Case Keenum,QB,CHI,29.36,17.46,201.7,1.34,0.31,,,,9.9,,,14.47,14.47,14.47,0,59
Jeremiyah Love,RB,ARI,,,,,,2.72,16.19,,70.49,0.52,0.07,14.47,18.98,11.54,0,60
Michael Wilson,WR,ARI,,,,,,4.6,62.62,,0.25,,0.02,14.39,16.69,12.09,0,61
Josh Downs,WR,IND,,,,,,5.33,63.5,0.44,0.42,,0.02,14.39,26.38,6.65,0,62
Justin Herbert,QB,LAC,31.51,20.7,206.06,1.22,0.9,,,,15.27,,0.16,14.25,14.25,14.25,0,63
Kyren Williams,RB,LAR,,,,,,1.96,13.82,,67.17,0.7,0.07,14.24,19.44,11.15,0,64
Bucky Irving,RB,TB,,,,,,2.91,19.14,,68.09,,0.07,14.23,15.69,12.78,0,65
Aaron Rodgers,QB,PIT,30.84,19.41,212.5,1.39,0.37,,,,1.5,0.09,0.17,14.2,21.3,10.45,0,66
Malik Nabers,WR,NYG,,,,,,5.1,62.68,0.41,1.23,,0.02,13.95,18.95,10.17,0,67
Javonte Williams,RB,DAL,,,,,,2.59,15.17,,60.67,0.63,0.08,13.89,18.93,10.72,0,68
Rashee Rice,WR,KC,,,,,,4.85,58.79,0.49,1.78,,0.02,13.82,19.16,9.94,0,69
Jalen Coker,WR,CAR,,,,,,5.0,63.61,0.38,0.37,,0.02,13.7,18.48,10.06,0,70
DeVonta Smith,WR,PHI,,,,,,4.73,64.35,0.41,0.24,,0.02,13.67,18.52,10.07,0,71
Tee Higgins,WR,CIN,,,,,,4.38,60.5,0.53,0.26,,0.02,13.64,25.94,6.1,0,72
Aaron Jones,RB,MIN,,,,,,2.16,14.89,,66.81,0.56,0.08,13.6,18.05,10.83,0,73
Tyler Warren,TE,IND,,,,,,5.5,47.5,0.5,1.32,,0.02,13.4,24.43,6.02,0,74
Mike Evans,WR,SF,,,,,,4.01,62.32,,,,0.02,13.34,15.35,11.34,0,75
Cam Ward,QB,TEN,32.5,19.49,207.4,0.86,0.34,,,,9.53,,0.16,13.33,13.33,13.33,0,76
Braelon Allen,RB,NYJ,,,,,,1.76,13.54,,62.58,,0.06,13.27,14.15,12.39,0,77
Jaylen Waddle,WR,DEN,,,,,,4.58,65.08,0.34,1.13,,0.02,13.24,17.6,9.92,0,78
Jalon Daniels,QB,TB,28.01,14.79,186.89,1.06,1.29,,,,19.25,,0.12,13.13,13.13,13.13,0,79
DJ Moore,WR,BUF,,,,,,4.07,58.5,0.48,1.65,,0.02,13.0,25.06,5.83,0,80
David Montgomery,RB,HOU,,,,,,2.13,16.96,,57.12,0.58,0.07,12.98,17.53,10.17,0,81
Bhayshul Tuten,RB,JAX,,,,,,1.73,15.88,,53.5,0.7,0.05,12.82,23.51,6.73,0,82
Quinshon Judkins,RB,CLE,,,,,,2.21,12.5,,56.5,0.63,0.07,12.79,27.79,5.12,0,83
Malik Willis,QB,MIA,28.23,18.29,183.81,0.55,0.55,,,,20.78,,0.13,12.74,12.74,12.74,0,84
Travis Kelce,TE,KC,,,,,,4.52,52.06,0.48,,,0.02,12.6,17.74,8.9,0,85
Luther Burden,WR,CHI,,,,,,4.35,62.88,,3.43,,0.02,12.58,14.76,10.41,0,86
Rhamondre Stevenson,RB,NE,,,,,,2.48,19.28,,49.24,0.53,0.05,12.47,16.86,9.65,0,87
Terry McLaurin,WR,WAS,,,,,,4.62,54.5,0.39,0.24,,0.02,12.46,23.69,5.4,0,88
Dalton Kincaid,TE,BUF,,,,,,3.81,56.5,0.49,,,0.02,12.38,24.55,5.39,0,89
Sam LaPorta,TE,DET,,,,,,4.58,49.5,0.44,0.3,,0.02,12.21,23.21,5.23,0,90
Matthew Golden,WR,GB,,,,,,4.15,61.35,,0.8,,0.02,12.21,14.28,10.13,0,91
Ladd McConkey,WR,LAC,,,,,,4.24,56.42,,0.33,,0.02,12.13,14.26,10.02,0,92
Juwan Johnson,TE,NO,,,,,,4.22,51.17,,,,0.02,11.68,13.79,9.57,0,93
George Kittle,TE,SF,,,,,,4.14,48.56,,,,0.02,11.42,13.49,9.35,0,94
Jacory Croskey-Merritt,RB,WAS,,,,,,1.12,7.7,,54.5,0.65,0.06,11.18,22.17,5.32,0,95
Jameson Williams,WR,DET,,,,,,3.54,49.5,0.38,3.44,,0.02,11.08,22.17,4.52,0,96
Jordan Addison,WR,MIN,,,,,,3.35,48.57,,4.47,,0.01,10.81,12.49,9.14,0,97
Harold Fannin,TE,CLE,,,,,,4.61,40.5,0.32,0.66,,0.02,10.65,19.84,4.62,0,98
Tucker Kraft,TE,GB,,,,,,3.93,47.32,,,,0.01,10.6,12.57,8.64,0,99
DK Metcalf,WR,PIT,,,,,,3.83,43.5,0.38,0.74,,0.01,10.56,21.41,4.37,0,100
Stefon Diggs,WR,WAS,,,,,,4.29,41.5,0.35,,,0.02,10.56,14.82,7.35,0,101
Dalton Schultz,TE,HOU,,,,,,4.38,45.87,,,,0.02,10.51,12.7,8.32,0,102
Tony Pollard,RB,TEN,,,,,,1.72,10.7,,51.96,0.42,0.05,10.45,13.86,8.32,0,103
Isaiah Likely,TE,NYG,,,,,,4.09,43.86,0.32,,,0.02,10.4,14.37,7.39,0,104
Emeka Egbuka,WR,TB,,,,,,3.54,49.4,,1.0,,0.01,10.38,12.15,8.61,0,105
Jakobi Meyers,WR,JAX,,,,,,3.95,40.5,0.37,0.8,,0.02,10.29,20.45,4.33,0,106
Colston Loveland,TE,CHI,,,,,,3.51,43.86,,0.23,,0.01,10.28,12.03,8.52,0,107
Devaughn Vele,WR,NO,,,,,,3.8,45.77,,0.23,,0.02,10.18,12.08,8.28,0,108
Hunter Henry,TE,NE,,,,,,3.96,40.92,0.36,,,0.02,10.18,14.29,7.14,0,109
Carnell Tate,WR,TEN,,,,,,4.36,49.2,,0.08,,0.02,10.11,12.29,7.93,0,110
Brenton Strange,TE,JAX,,,,,,3.61,43.45,0.36,,,0.01,10.11,14.04,7.24,0,111
Romeo Doubs,WR,NE,,,,,,3.04,48.42,0.37,,,0.01,10.09,13.82,7.47,0,112
Wan'Dale Robinson,WR,TEN,,,,,,4.33,46.14,,0.51,,0.02,10.05,12.22,7.89,0,113
Kalif Raymond,WR,CHI,,,,,,3.7,46.28,,1.1,,0.02,10.04,11.89,8.19,0,114
RJ Harvey,RB,DEN,,,,,,2.93,21.67,,29.38,0.33,0.04,9.99,13.44,7.54,0,115
Omarion Hampton,RB,LAC,,,,,,1.64,7.98,,42.24,0.55,0.05,9.93,14.05,7.45,0,116
Rico Dowdle,RB,PIT,,,,,,1.89,11.6,,45.61,,0.05,9.87,10.82,8.93,0,117
Courtland Sutton,WR,DEN,,,,,,3.22,45.46,,,,0.01,9.83,11.44,8.22,0,118
Mack Hollins,WR,NE,,,,,,3.46,44.25,0.32,0.23,,0.02,9.8,13.45,7.12,0,119
Alvin Kamara,RB,NO,,,,,,2.4,13.23,,38.15,,0.05,9.78,10.98,8.58,0,120
Xavier Worthy,WR,KC,,,,,,3.18,38.15,0.37,5.55,,0.02,9.76,13.55,7.06,0,121
Kenyon Sadiq,TE,NYJ,,,,,,3.7,42.29,,0.44,,0.01,9.53,11.38,7.68,0,122
TreVeyon Henderson,RB,NE,,,,,,1.33,9.19,,45.75,0.45,0.04,9.52,12.9,7.5,0,123
KC Concepcion,WR,CLE,,,,,,4.07,34.5,0.29,2.57,,0.02,9.47,17.76,4.09,0,124
Woody Marks,RB,HOU,,,,,,1.6,12.13,,42.09,0.4,0.05,9.34,12.51,7.35,0,125
AJ Barner,TE,SEA,,,,,,3.24,35.2,,1.88,,0.02,9.23,10.85,7.61,0,126
Khalil Shakir,WR,BUF,,,,,,3.48,33.5,0.39,0.5,,0.02,9.2,18.93,3.71,0,127
Keenan Allen,WR,IND,,,,,,3.6,34.5,0.36,,,0.01,9.18,18.66,3.71,0,128
Rachaad White,RB,WAS,,,,,,2.26,14.86,,32.52,0.36,0.03,9.15,12.45,6.93,0,129
Tre Tucker,WR,LV,,,,,,2.98,39.79,0.33,2.24,,0.01,9.15,12.6,6.67,0,130
Kyle Monangai,RB,CHI,,,,,,1.09,9.75,,57.27,,0.05,9.11,9.66,8.57,0,131
Jauan Jennings,WR,MIN,,,,,,2.84,34.25,,0.13,,0.01,9.06,10.48,7.64,0,132
J.K. Dobbins,RB,DEN,,,,,,1.14,6.04,,45.07,0.48,0.05,9.04,12.48,7.04,0,133
Dontayvion Wicks,WR,PHI,,,,,,3.12,40.48,0.29,0.23,,0.01,8.97,12.3,6.53,0,134
Chris Godwin,WR,TB,,,,,,3.5,38.88,,0.47,,0.01,8.94,10.69,7.19,0,135
Deebo Samuel,WR,SF,,,,,,3.17,38.75,,5.13,,0.02,8.88,10.46,7.29,0,136
Malik Washington,WR,MIA,,,,,,3.51,36.97,,4.0,,0.02,8.81,10.56,7.05,0,137
Darren Waller,TE,CAR,,,,,,3.35,34.3,0.33,,,0.01,8.78,12.42,6.13,0,138
Jake Ferguson,TE,DAL,,,,,,3.59,34.53,0.27,,,0.01,8.66,12.06,6.07,0,139
Kyle Pitts,TE,ATL,,,,,,2.86,33.31,,,,0.01,8.61,10.04,7.18,0,140
Denzel Boston,WR,CLE,,,,,,3.16,36.5,0.29,0.57,,0.01,8.6,17.24,3.46,0,141
Mark Andrews,TE,BAL,,,,,,3.59,39.94,,1.04,,0.02,8.57,10.36,6.77,0,142
Quentin Johnston,WR,LAC,,,,,,2.76,41.66,,0.54,,0.01,8.54,9.92,7.16,0,143
Rome Odunze,WR,CHI,,,,,,2.7,43.66,,0.06,,0.01,8.51,9.86,7.16,0,144
Adonai Mitchell,WR,NYJ,,,,,,2.96,45.99,,0.2,,0.01,8.42,9.9,6.94,0,145
Brian Thomas,WR,JAX,,,,,,2.48,41.0,0.29,0.62,,0.01,8.4,11.41,6.28,0,146
T.J. Hockenson,TE,MIN,,,,,,3.42,34.16,,,,0.01,8.4,10.11,6.69,0,147
Michael Pittman,WR,PIT,,,,,,3.46,32.5,0.26,0.27,,0.02,8.3,17.37,3.12,0,148
Ryan Flournoy,WR,DAL,,,,,,3.22,37.25,,0.21,,0.01,8.17,9.78,6.56,0,149
Tyjae Spears,RB,TEN,,,,,,2.4,15.69,,24.15,,0.03,8.14,9.34,6.94,0,150
Jadarian Price,RB,SEA,,,,,,1.03,8.99,,38.99,,0.05,8.11,8.62,7.59,0,151
Chig Okonkwo,TE,WAS,,,,,,3.22,32.23,0.27,,,0.01,8.06,11.28,5.65,0,152
Mike Gesicki,TE,CIN,,,,,,2.92,32.66,0.3,,,0.01,8.0,11.26,5.65,0,153
MarShawn Lloyd,RB,GB,,,,,,1.54,12.06,,32.66,,0.04,7.97,8.74,7.2,0,154
Pat Freiermuth,TE,PIT,,,,,,3.47,28.5,0.27,,,0.01,7.93,16.43,3.15,0,155
Ollie Gordon,RB,MIA,,,,,,1.33,8.32,,37.83,,0.04,7.83,8.49,7.16,0,156
Rashod Bateman,WR,BAL,,,,,,2.67,39.03,,0.31,,0.01,7.8,9.14,6.47,0,157
Tyler Allgeier,RB,ARI,,,,,,2.37,12.67,,28.0,,0.04,7.7,8.88,6.51,0,158
Kenny Gainwell,RB,TB,,,,,,1.74,13.17,,26.93,,0.03,7.51,8.38,6.64,0,159
Blake Corum,RB,LAR,,,,,,0.66,4.65,,45.52,0.31,0.05,7.48,9.67,6.22,0,160
Pat Bryant,WR,DEN,,,,,,2.78,31.57,,0.48,,0.01,7.42,8.81,6.04,0,161
Gunnar Helm,TE,TEN,,,,,,3.53,30.02,,,,0.01,7.25,9.02,5.49,0,162
Cade Otton,TE,TB,,,,,,3.09,31.94,,,,0.01,7.24,8.79,5.7,0,163
Tyler Higbee,TE,LAR,,,,,,2.58,26.04,0.32,,,0.01,7.13,10.37,4.87,0,164
Kendre Miller,RB,NO,,,,,,1.12,7.9,,27.38,,0.04,7.07,7.63,6.51,0,165
Tre' Harris,WR,LAC,,,,,,2.77,36.11,,0.43,,0.01,6.96,8.35,5.58,0,166
DeMario Douglas,WR,NE,,,,,,2.4,29.11,0.24,1.58,,0.01,6.93,9.59,5.0,0,167
Makai Lemon,WR,PHI,,,,,,3.09,24.01,0.23,0.43,,0.01,6.9,9.82,4.67,0,168
Isaiah Davis,RB,NYJ,,,,,,1.46,13.34,,23.52,,0.02,6.87,7.6,6.14,0,169
Rashid Shaheed,WR,SEA,,,,,,2.25,32.09,,4.03,,0.01,6.82,7.95,5.7,0,170
Oronde Gadsden,TE,LAC,,,,,,2.47,28.62,,,,0.01,6.65,7.89,5.42,0,171
Greg Dulcich,TE,MIA,,,,,,2.91,30.4,,,,0.01,6.61,8.06,5.16,0,172
Michael Mayer,TE,LV,,,,,,2.65,22.77,0.28,,,0.01,6.6,9.6,4.44,0,173
Kayshon Boutte,WR,HOU,,,,,,2.24,33.12,,,,0.01,6.57,7.69,5.45,0,174
Cooper Kupp,WR,SEA,,,,,,2.18,30.2,,0.31,,0.01,6.25,7.34,5.16,0,175
Justice Hill,RB,BAL,,,,,,1.75,15.31,,15.9,,0.02,6.19,7.07,5.32,0,176
Caleb Douglas,WR,MIA,,,,,,2.49,30.5,,0.16,,0.01,6.16,7.4,4.91,0,177
Tyquan Thornton,WR,KC,,,,,,1.87,28.49,0.23,,,0.01,6.09,8.39,4.47,0,178
Emanuel Wilson,RB,SEA,,,,,,0.79,5.57,,31.25,,0.04,6.09,6.49,5.7,0,179
Ted Hurst,WR,TB,,,,,,2.0,28.79,,0.4,,0.01,6.06,7.06,5.06,0,180
Colby Parkinson,TE,LAR,,,,,,2.12,22.23,0.28,,,0.01,6.05,8.81,4.15,0,181
Elic Ayomanor,WR,TEN,,,,,,1.88,30.49,,0.09,,0.01,6.02,6.96,5.08,0,182
Noah Fant,TE,NO,,,,,,2.11,20.33,,,,0.01,6.02,7.08,4.97,0,183
Samaje Perine,RB,CIN,,,,,,1.67,11.51,,17.73,0.24,0.03,5.97,8.22,4.43,0,184
Roman Wilson,WR,PIT,,,,,,2.45,22.5,0.21,0.12,,0.01,5.97,13.19,1.89,0,185
Kendrick Bourne,WR,ARI,,,,,,2.51,26.65,,,,0.01,5.96,7.21,4.7,0,186
Jalen Nailor,WR,LV,,,,,,1.98,25.69,0.22,0.9,,0.01,5.93,8.22,4.3,0,187
Raheim Sanders,RB,CLE,,,,,,2.19,10.5,,15.23,0.19,0.02,5.85,12.03,3.14,0,188
Chris Brooks,RB,GB,,,,,,1.45,10.22,,22.12,,0.03,5.84,6.57,5.12,0,189
Chris Rodriguez,RB,JAX,,,,,,0.49,5.23,,26.73,0.34,0.02,5.74,8.04,4.47,0,190
Kaleb Johnson,RB,GB,,,,,,1.15,9.95,,21.09,,0.03,5.71,6.29,5.14,0,191
Xavier Hutchinson,WR,HOU,,,,,,1.99,29.76,,0.4,,0.01,5.65,6.64,4.65,0,192
Evan Engram,TE,DEN,,,,,,2.24,22.34,,,,0.01,5.55,6.67,4.43,0,193
Keon Coleman,WR,BUF,,,,,,1.86,24.03,0.2,0.19,,0.01,5.51,7.66,3.96,0,194
Marvin Harrison,WR,ARI,,,,,,1.86,26.58,,,,0.01,5.42,6.35,4.49,0,195
Malachi Fields,WR,NYG,,,,,,1.73,23.69,,0.17,,0.01,5.32,6.18,4.45,0,196
Kaelon Black,RB,SF,,,,,,0.74,5.27,,29.86,,0.03,5.29,5.66,4.92,0,197
Isaiah Williams,WR,NYJ,,,,,,2.41,23.77,,1.32,,0.01,5.26,6.46,4.05,0,198
Darnell Washington,TE,PIT,,,,,,2.33,17.5,0.2,,,0.01,5.25,11.85,1.74,0,199
George Holani,RB,SEA,,,,,,1.54,12.34,,14.07,,0.02,5.18,5.95,4.41,0,200
Ty Johnson,RB,BUF,,,,,,1.45,10.91,,14.65,0.19,0.02,5.15,7.01,3.85,0,201
Laquon Treadwell,WR,IND,,,,,,1.5,24.65,0.2,,,,5.14,7.06,3.8,0,202
Chris Bell,WR,MIA,,,,,,1.84,26.61,,0.14,,0.01,5.12,6.04,4.2,0,203
Antonio Williams,WR,WAS,,,,,,1.7,21.27,0.2,0.5,,0.01,5.1,7.18,3.64,0,204
Najee Harris,RB,NYG,,,,,,0.69,4.87,,29.29,,0.03,5.03,5.37,4.68,0,205
Skyy Moore,WR,GB,,,,,,1.87,22.4,,2.55,,0.02,4.99,5.92,4.05,0,206
Emmett Johnson,RB,KC,,,,,,1.17,11.29,,11.91,0.24,0.02,4.9,6.92,3.6,0,207
Darnell Mooney,WR,NYG,,,,,,1.55,24.28,,0.08,,0.01,4.77,5.54,3.99,0,208
Keaton Mitchell,RB,LAC,,,,,,1.17,6.86,,21.62,,0.02,4.64,5.22,4.05,0,209
Jahan Dotson,WR,ATL,,,,,,1.6,19.18,,0.1,,0.01,4.49,5.29,3.69,0,210
Isaac TeSlaa,WR,DET,,,,,,1.59,16.5,0.2,0.27,,0.01,4.44,10.76,1.41,0,211
Mike Washington,RB,LV,,,,,,0.54,4.76,,21.75,,0.02,4.43,4.7,4.16,0,212
Dohnte Meyers,WR,CIN,,,,,,1.38,15.68,0.22,0.31,,,4.27,6.26,2.94,0,213
Sione Vaki,RB,DET,,,,,,0.84,7.86,,17.21,0.15,0.02,4.24,5.58,3.37,0,214
Brian Robinson,RB,ATL,,,,,,0.67,5.13,,20.34,,0.02,4.22,4.55,3.88,0,215
AJ Dillon,RB,CAR,,,,,,0.91,5.81,,18.62,0.14,,4.21,5.52,3.33,0,216
Eli Raridon,TE,NE,,,,,,1.64,17.34,,,,0.01,4.21,5.03,3.39,0,217
CJ Donaldson,RB,NO,,,,,,0.92,7.05,,14.61,,,4.05,4.51,3.59,0,218
Elijah Arroyo,TE,SEA,,,,,,1.63,18.11,,,,0.01,4.04,4.86,3.23,0,219
Jaylen Wright,RB,MIA,,,,,,0.93,7.59,,14.59,,0.02,3.85,4.31,3.38,0,220
Cole Kmet,TE,CHI,,,,,,1.46,15.73,,,,0.01,3.81,4.54,3.08,0,221
Tommy Tremble,TE,CAR,,,,,,1.34,11.6,0.22,,,0.01,3.79,5.76,2.48,0,222
Noah Gray,TE,KC,,,,,,1.4,13.75,0.16,,,0.01,3.76,5.45,2.57,0,223
Kyle Williams,WR,NE,,,,,,1.08,15.9,0.16,0.24,,0.0,3.7,5.23,2.67,0,224
Josh Cameron,WR,JAX,,,,,,1.13,15.05,0.16,0.84,,0.01,3.68,5.21,2.64,0,225
Zach Ertz,TE,PHI,,,,,,1.6,14.81,,,,0.01,3.68,4.48,2.88,0,226
Jerry Jeudy,WR,CLE,,,,,,1.39,14.5,0.13,0.3,,0.01,3.61,8.62,1.09,0,227
DeeJay Dallas,RB,MIN,,,,,,1.07,6.81,,9.72,,0.01,3.48,4.02,2.95,0,228
Tory Horton,WR,SEA,,,,,,1.14,15.77,,0.24,,0.01,3.46,4.03,2.89,0,229
Foster Moreau,TE,HOU,,,,,,1.31,14.13,,,,0.0,3.46,4.12,2.81,0,230
Tyler Goodson,RB,DAL,,,,,,1.02,6.51,,11.63,,0.02,3.45,3.96,2.94,0,231
Johnny Mundt,TE,PHI,,,,,,1.36,12.16,0.14,,,,3.43,4.97,2.32,0,232
Jonnu Smith,TE,GB,,,,,,1.48,13.93,,,,0.01,3.33,4.07,2.59,0,233
Devontez Walker,WR,BAL,,,,,,0.88,17.18,,0.29,,0.0,3.31,3.75,2.87,0,234
Dawson Knox,TE,BUF,,,,,,1.18,10.96,0.17,,,0.0,3.29,4.88,2.2,0,235
Tank Bigsby,RB,PHI,,,,,,0.35,2.83,,16.64,0.16,0.02,3.27,4.43,2.6,0,236
Joshua Palmer,WR,BUF,,,,,,0.93,11.65,0.18,,,0.0,3.2,4.77,2.18,0,237
Cody White,WR,LV,,,,,,0.93,11.28,0.18,,,0.0,3.19,4.76,2.17,0,238
Tyler Badie,RB,DEN,,,,,,1.16,8.82,,4.75,,0.01,3.16,3.74,2.58,0,239
Ameer Abdullah,RB,JAX,,,,,,0.76,5.56,,10.63,0.13,0.01,3.13,4.28,2.36,0,240
Drew Sample,TE,CIN,,,,,,1.26,10.18,0.14,,,0.01,3.11,4.6,2.06,0,241
Theo Johnson,TE,NYG,,,,,,1.06,14.53,,,,0.0,3.11,3.64,2.58,0,242
Zachariah Branch,WR,ATL,,,,,,1.17,12.25,,0.52,,0.0,3.11,3.69,2.52,0,243
Erick All,TE,CIN,,,,,,1.22,11.27,0.13,,,0.01,3.1,4.48,2.1,0,244
Xavier Legette,WR,CAR,,,,,,1.12,14.48,,0.22,,0.0,3.07,3.63,2.51,0,245
Konata Mumpfield,WR,LAR,,,,,,0.75,9.63,0.22,,,0.0,3.06,4.75,2.02,0,246
Seth McGowan,RB,IND,,,,,,0.38,3.49,,12.86,0.16,0.01,2.98,4.13,2.31,0,247
Olamide Zaccheaus,WR,ATL,,,,,,1.01,12.32,,0.89,,0.01,2.97,3.48,2.47,0,248
Calvin Ridley,WR,TEN,,,,,,1.03,14.68,,0.02,,0.0,2.86,3.38,2.34,0,249
Kevin Coleman,WR,MIA,,,,,,0.98,13.11,,,,0.0,2.71,3.2,2.22,0,250
Tez Johnson,WR,TB,,,,,,0.9,12.52,,0.34,,0.0,2.67,3.12,2.22,0,251
Austin Hooper,TE,ATL,,,,,,0.91,9.37,,,,0.0,2.65,3.1,2.19,0,252
Mason Taylor,TE,NYJ,,,,,,1.22,10.56,,,,0.0,2.64,3.25,2.03,0,253
Darius Slayton,WR,IND,,,,,,0.57,9.48,0.19,,,0.0,2.63,4.03,1.79,0,254
Germie Bernard,WR,PIT,,,,,,0.85,9.78,0.12,0.27,,0.0,2.57,3.71,1.79,0,255
Demond Claiborne,RB,MIN,,,,,,0.35,2.55,,10.99,,0.01,2.54,2.72,2.37,0,256
Blake Whiteheart,TE,CLE,,,,,,0.88,9.46,0.11,,,0.0,2.51,3.62,1.74,0,257
Brock Wright,TE,DET,,,,,,0.77,6.0,0.18,,,0.0,2.45,3.92,1.53,0,258
John Bates,TE,WAS,,,,,,0.81,7.81,0.14,,,0.0,2.45,3.71,1.61,0,259
Troy Franklin,WR,DEN,,,,,,0.89,10.89,,0.39,,0.0,2.44,2.88,1.99,0,260
Jacob Cowing,WR,SF,,,,,,0.93,11.31,,,,0.0,2.44,2.91,1.98,0,261
Jared Wayne,WR,HOU,,,,,,0.91,10.5,,,,,2.38,2.83,1.93,0,262
KaVontae Turpin,WR,DAL,,,,,,0.67,10.48,,2.66,,0.01,2.38,2.72,2.05,0,263
Will Shipley,RB,PHI,,,,,,0.75,4.81,,4.7,0.11,0.01,2.37,3.43,1.65,0,264
Darius Cooper,WR,PHI,,,,,,1.0,10.01,,,,0.0,2.36,2.86,1.86,0,265
LeQuint Allen,RB,JAX,,,,,,0.72,5.54,,3.4,0.12,0.01,2.34,3.45,1.61,0,266
Brycen Tremayne,WR,CAR,,,,,,0.94,9.2,,0.18,,,2.24,2.71,1.77,0,267
Davis Allen,TE,LAR,,,,,,0.65,5.99,0.16,,,0.0,2.21,3.5,1.41,0,268
Isaiah Bond,WR,CLE,,,,,,0.6,10.96,0.07,0.72,,0.0,2.21,2.96,1.69,0,269
Sam Roush,TE,CHI,,,,,,0.88,9.0,,,,0.0,2.2,2.64,1.76,0,270
Jalen Royals,WR,KC,,,,,,0.67,7.03,0.13,0.19,,0.0,2.18,3.29,1.45,0,271
Daniel Bellinger,TE,TEN,,,,,,0.92,9.63,,,,0.0,2.18,2.64,1.72,0,272
Chimere Dike,WR,TEN,,,,,,0.85,8.92,,0.53,,0.0,2.16,2.58,1.73,0,273
Efton Chism,WR,NE,,,,,,0.7,9.0,0.09,,,0.0,2.15,3.06,1.53,0,274
Brenen Thompson,WR,LAC,,,,,,0.86,9.18,,,,0.0,2.14,2.57,1.71,0,275
Jaylin Noel,WR,HOU,,,,,,0.67,10.04,,0.41,,0.0,2.14,2.47,1.8,0,276
Barion Brown,WR,NO,,,,,,0.82,8.95,,,,0.0,2.13,2.54,1.73,0,277
Treylon Burks,WR,WAS,,,,,,0.53,6.89,0.12,1.05,,0.0,2.07,3.09,1.43,0,278
Marvin Mims,WR,DEN,,,,,,0.73,7.2,,1.84,,0.0,2.05,2.42,1.69,0,279
Nate Boerkircher,TE,JAX,,,,,,0.61,7.06,0.12,,,0.0,2.03,3.04,1.37,0,280
Marlin Klein,TE,HOU,,,,,,0.84,8.45,,,,0.0,1.98,2.41,1.56,0,281
Ben Sinnott,TE,WAS,,,,,,0.45,4.16,0.18,,,0.0,1.94,3.24,1.18,0,282
Matt Hibner,TE,BAL,,,,,,0.72,8.49,,,,0.0,1.93,2.29,1.57,0,283
Adam Trautman,TE,DEN,,,,,,0.78,7.84,,,,0.0,1.92,2.31,1.53,0,284
Chris Moore,WR,BAL,,,,,,0.57,10.43,,,,0.0,1.91,2.2,1.63,0,285
Nate Adkins,TE,DEN,,,,,,0.63,6.12,,,,0.0,1.86,2.18,1.55,0,286
Bryce Lance,WR,NO,,,,,,0.67,8.14,,,,0.0,1.84,2.18,1.51,0,287
Luke Farrell,TE,SF,,,,,,0.83,6.96,,,,0.0,1.77,2.18,1.35,0,288
Jordan Watkins,WR,SF,,,,,,0.6,9.05,,,,,1.75,2.04,1.45,0,289
Elijah Higgins,TE,ARI,,,,,,0.82,7.37,,,,0.0,1.74,2.15,1.33,0,290
Jeremy Ruckert,TE,NYJ,,,,,,0.76,6.78,,,,0.0,1.74,2.12,1.36,0,291
Mitchell Evans,TE,CAR,,,,,,0.75,7.33,,,,0.0,1.72,2.1,1.35,0,292
Kimani Vidal,RB,LAC,,,,,,0.62,4.56,,3.34,,0.01,1.69,2.0,1.38,0,293
Tai Felton,WR,MIN,,,,,,0.68,6.58,,0.2,,0.0,1.66,2.0,1.32,0,294
12530,DB,JAX,,,,,,0.57,7.9,,0.6,,0.0,1.66,1.95,1.38,0,295
1379,FB,SF,,,,,,0.62,5.88,,0.43,,0.0,1.63,1.94,1.32,0,296
Tanner Hudson,TE,CIN,,,,,,0.76,6.89,,,,0.0,1.63,2.01,1.25,0,297
Oscar Delp,TE,NO,,,,,,0.73,6.0,,,,0.0,1.57,1.94,1.21,0,298
Dyami Brown,WR,WAS,,,,,,0.3,3.67,0.14,0.08,,0.0,1.53,2.54,0.95,0,299
Kaytron Allen,RB,WAS,,,,,,0.17,1.35,,5.27,0.12,0.01,1.5,2.28,1.07,0,300
Mo Alie-Cox,TE,IND,,,,,,0.36,4.04,0.12,,,0.0,1.46,2.33,0.93,0,301
Hayden Rucci,TE,LAC,,,,,,0.63,5.71,,,,,1.44,1.76,1.13,0,302
Tanner Koziol,TE,JAX,,,,,,0.51,5.94,0.06,,,0.0,1.44,2.04,1.02,0,303
E.J. Jenkins,TE,PHI,,,,,,0.6,5.61,,,,,1.4,1.7,1.1,0,304
Malik Benson,WR,LV,,,,,,0.35,3.32,0.12,,,0.0,1.37,2.24,0.85,0,305
Luke Schoonmaker,TE,DAL,,,,,,0.58,5.96,,,,0.0,1.3,1.59,1.01,0,306
6109,FB,LAC,,,,,,0.55,4.46,,0.52,,0.0,1.29,1.56,1.01,0,307
Mitchell Tinsley,WR,CIN,,,,,,0.5,5.5,,,,0.0,1.29,1.54,1.04,0,308
Brevyn Spann-Ford,TE,DAL,,,,,,0.51,5.78,,,,0.0,1.27,1.52,1.01,0,309
Brashard Smith,RB,KC,,,,,,0.05,0.36,,0.95,0.18,0.0,1.26,2.36,0.69,0,310
Will Kacmarek,TE,MIA,,,,,,0.59,4.89,,,,0.0,1.26,1.55,0.96,0,311
Devin Singletary,RB,NYG,,,,,,0.24,1.59,,4.02,,0.0,1.16,1.28,1.04,0,312
Connor Heyward,RB,LV,,,,,,0.29,2.15,,1.63,0.08,0.0,1.15,1.79,0.77,0,313
Jaleel McLaughlin,RB,CLE,,,,,,0.22,1.68,,3.2,0.07,0.0,1.12,1.63,0.8,0,314
Ashton Dulin,WR,IND,,,,,,0.31,4.81,,0.55,,0.0,1.09,1.24,0.93,0,315
Sterling Shepard,WR,NYJ,,,,,,0.45,5.07,,,,,1.08,1.3,0.85,0,316
Tylan Wallace,WR,CLE,,,,,,0.28,3.64,0.07,,,0.0,1.07,1.65,0.72,0,317
Ray Davis,RB,BUF,,,,,,0.11,0.89,,6.49,,0.01,1.07,1.12,1.01,0,318
Travis Homer,RB,PIT,,,,,,0.2,1.39,,1.92,0.09,,1.06,1.7,0.7,0,319
Jordan Whittington,WR,LAR,,,,,,0.43,4.77,,0.29,,0.0,1.06,1.27,0.84,0,320
Jahdae Walker,WR,CHI,,,,,,0.31,4.38,,,,0.0,1.05,1.2,0.89,0,321
John Metchie,WR,CAR,,,,,,0.42,4.33,,0.03,,0.0,1.04,1.25,0.83,0,322
Jaylin Lane,WR,WAS,,,,,,0.17,2.08,0.09,0.98,,0.0,1.03,1.67,0.67,0,323
Quintin Morris,TE,JAX,,,,,,0.21,2.21,0.09,,,0.0,0.99,1.65,0.6,0,324
14026,LB,MIA,,,,,,0.44,4.03,,0.16,,,0.98,1.2,0.76,0,325
11510,FB,DAL,,,,,,0.29,2.73,,2.18,,0.0,0.96,1.11,0.82,0,326
Tay Martin,WR,DET,,,,,,0.28,3.22,0.06,,,0.0,0.94,1.41,0.63,0,327
Brandin Cooks,WR,SF,,,,,,0.31,4.83,,,,0.0,0.91,1.07,0.76,0,328
Cade Stover,TE,HOU,,,,,,0.39,3.47,,0.51,,0.0,0.91,1.1,0.71,0,329
Josh Cuevas,TE,BAL,,,,,,0.36,3.96,,,,0.0,0.88,1.06,0.7,0,330
Corey Kiner,RB,NE,,,,,,0.05,0.4,,3.49,0.07,,0.88,1.35,0.64,0,331
Tom Kennedy,WR,DET,,,,,,0.18,2.2,0.08,,,0.0,0.87,1.42,0.54,0,332
Dareke Young,WR,LV,,,,,,0.16,2.12,0.08,,,0.0,0.86,1.44,0.54,0,333
Nicholas Singleton,RB,TEN,,,,,,0.1,0.78,,4.16,,0.0,0.83,0.88,0.78,0,334
Durham Smythe,TE,BAL,,,,,,0.33,3.65,,,,0.0,0.81,0.98,0.65,0,335
Jake Briningstool,TE,KC,,,,,,0.3,3.2,,,,,0.8,0.95,0.65,0,336
Jackson Hawes,TE,BUF,,,,,,0.35,3.32,,,,0.0,0.8,0.98,0.63,0,337
Zavion Thomas,WR,CHI,,,,,,0.26,3.19,,0.81,,0.0,0.78,0.91,0.65,0,338
Tyrone Tracy,RB,NYG,,,,,,0.11,0.83,,4.67,,0.0,0.78,0.84,0.72,0,339
LaJohntay Wester,WR,BAL,,,,,,0.25,3.52,,0.25,,0.0,0.75,0.87,0.62,0,340
Drew Ogletree,TE,IND,,,,,,0.26,2.84,,,,0.0,0.72,0.85,0.59,0,341
Marquez Valdes-Scantling,WR,LAC,,,,,,0.26,3.21,,,,0.0,0.7,0.83,0.57,0,342
Charlie Woerner,TE,ATL,,,,,,0.32,2.54,,,,0.0,0.69,0.85,0.53,0,343
Derius Davis,WR,LAC,,,,,,0.28,2.58,,0.19,,0.0,0.68,0.82,0.54,0,344
Jordan James,RB,SF,,,,,,0.05,0.36,,4.07,,0.0,0.67,0.7,0.65,0,345
Colbie Young,WR,CIN,,,,,,,,0.11,,,,0.63,1.26,0.32,0,346
Ben Skowronek,WR,PIT,,,,,,0.08,0.87,0.07,,,,0.61,1.09,0.35,0,347
Xavier Smith,WR,LAR,,,,,,0.2,2.97,,0.41,,0.0,0.6,0.7,0.5,0,348
Malik McClain,WR,NYJ,,,,,,0.21,2.71,,,,,0.6,0.71,0.5,0,349
Tahj Brooks,RB,CIN,,,,,,0.08,0.65,,2.55,,0.0,0.58,0.62,0.54,0,350
Anthony Gould,WR,IND,,,,,,,,0.09,,,,0.53,1.06,0.27,0,351
Max Klare,TE,LAR,,,,,,0.21,2.19,,,,0.0,0.49,0.59,0.38,0,352
Ian Thomas,TE,LV,,,,,,0.23,1.85,,,,0.0,0.48,0.59,0.36,0,353
Kaden Wetjen,WR,PIT,,,,,,0.04,0.42,0.06,0.25,,,0.47,0.84,0.27,0,354
Nikko Remigio,WR,KC,,,,,,0.05,0.7,0.06,0.14,,0.0,0.47,0.84,0.28,0,355
Cyrus Allen,WR,KC,,,,,,0.15,1.92,,,,0.0,0.46,0.54,0.39,0,356
KhaDarel Hodge,WR,SF,,,,,,0.15,2.37,,,,,0.45,0.52,0.37,0,357
Eric Saubert,TE,SEA,,,,,,0.17,1.57,,,,0.0,0.45,0.53,0.36,0,358
Braxton Berrios,WR,NYG,,,,,,0.13,1.23,,0.76,,,0.45,0.51,0.38,0,359
Riley Nowakowski,TE,PIT,,,,,,0.09,0.75,0.05,,,0.0,0.45,0.79,0.26,0,360
Marquise Brown,WR,PHI,,,,,,0.18,2.03,,,,0.0,0.44,0.53,0.35,0,361
Malachi Corley,WR,CLE,,,,,,0.04,0.49,0.04,0.9,,0.0,0.44,0.72,0.29,0,362
Sean Tucker,RB,TB,,,,,,0.05,0.48,,1.55,,0.0,0.43,0.46,0.41,0,363
Rasheen Ali,RB,BAL,,,,,,0.08,0.79,,1.42,,0.0,0.42,0.46,0.38,0,364
Luke McCaffrey,WR,WAS,,,,,,0.16,2.03,,,,0.0,0.42,0.5,0.34,0,365
Cameron Latu,TE,NE,,,,,,0.18,1.82,,,,0.0,0.42,0.51,0.33,0,366
Bo Melton,WR,GB,,,,,,0.1,1.62,,0.89,,0.0,0.41,0.46,0.36,0,367
Carsen Ryan,TE,CLE,,,,,,0.08,0.89,0.04,,,,0.41,0.69,0.25,0,368
Kameron Johnson,WR,TB,,,,,,0.14,1.78,,0.26,,0.0,0.4,0.47,0.33,0,369
Emari Demercado,RB,DAL,,,,,,0.05,0.41,,2.5,,0.0,0.4,0.43,0.38,0,370
Robert Tonyan,TE,PIT,,,,,,0.03,0.25,0.06,,,0.0,0.39,0.74,0.21,0,371
Josh Whyle,TE,GB,,,,,,0.18,1.44,,,,0.0,0.38,0.47,0.29,0,372
Jalen Tolbert,WR,MIA,,,,,,0.13,1.63,,,,0.0,0.35,0.42,0.29,0,373
Jelani Woods,TE,NYJ,,,,,,0.13,1.54,,,,,0.34,0.41,0.28,0,374
Jonathan Mingo,WR,DAL,,,,,,0.1,1.65,,,,,0.33,0.38,0.28,0,375
Jalen Brooks,WR,ARI,,,,,,0.12,1.47,,,,0.0,0.33,0.39,0.27,0,376
Chris Manhertz,TE,NYG,,,,,,0.11,1.25,,,,0.0,0.29,0.35,0.24,0,377
Elijah Moore,WR,PHI,,,,,,0.1,1.03,,0.3,,,0.29,0.34,0.24,0,378
Jacob Saylors,RB,DET,,,,,,0.05,0.39,,1.36,,0.0,0.29,0.31,0.26,0,379
Reggie Gilliam,RB,NE,,,,,,0.09,0.85,,0.47,,,0.28,0.33,0.24,0,380
Julius Chestnut,RB,TEN,,,,,,0.08,0.62,,0.77,,0.0,0.28,0.32,0.24,0,381
Deion Burks,WR,IND,,,,,,0.08,0.92,,,,0.0,0.23,0.27,0.19,0,382
Roschon Johnson,RB,CHI,,,,,,,,,1.49,,0.0,0.21,0.21,0.21,0,383
Greg Dortch,WR,BUF,,,,,,0.05,0.43,,0.59,,0.0,0.21,0.24,0.19,0,384
Payne Durham,TE,TB,,,,,,0.07,0.72,,,,0.0,0.2,0.24,0.17,0,385
Devin Duvernay,WR,ARI,,,,,,0.08,0.66,,0.21,,0.0,0.17,0.21,0.13,0,386
4353,FB,NYG,,,,,,0.05,0.47,,,,0.0,0.16,0.18,0.13,0,387
British Brooks,RB,HOU,,,,,,0.05,0.46,,0.57,,,0.15,0.18,0.13,0,388
Justin Joly,TE,MIA,,,,,,0.07,0.73,,,,0.0,0.14,0.18,0.11,0,389
Britain Covey,WR,PHI,,,,,,0.05,0.53,,,,0.0,0.1,0.13,0.08,0,390
Myles Price,WR,MIN,,,,,,0.04,0.45,,,,,0.09,0.11,0.07,0,391
Kene Nwangwu,RB,NYJ,,,,,,0.01,0.1,,0.68,,0.0,0.09,0.09,0.08,0,392
Max Bredeson,RB,MIN,,,,,,0.04,0.39,,0.05,,0.0,0.08,0.1,0.06,0,393
Bauer Sharp,TE,TB,,,,,,0.04,0.38,,,,,0.08,0.1,0.06,0,394
Seydou Traore,TE,MIA,,,,,,0.04,0.35,,,,0.0,0.07,0.1,0.05,0,395
Feleipe Franks,TE,CAR,,,,,,0.02,0.19,,0.2,,0.0,0.06,0.07,0.05,0,396
Ko Kieft,TE,TB,,,,,,0.02,0.16,,,,0.0,0.04,0.05,0.03,0,397
Dylan Laube,RB,LV,,,,,,0.0,0.03,,0.14,,0.0,0.02,0.02,0.02,0,398
